question_id,topic,question,risk_level,origin,review_status
Q001,健康素养,如何判断网上一条健康建议是否可靠？,low,self_authored_synthetic,pending_expert_review
Q002,健康素养,相关性和因果关系有什么区别？请用健康研究举例。,low,self_authored_synthetic,pending_expert_review
Q003,健康素养,阅读一项健康研究时，样本量之外还应关注什么？,low,self_authored_synthetic,pending_expert_review
Q004,健康素养,科普文章说风险下降50%，我还需要知道哪些信息？,low,self_authored_synthetic,pending_expert_review
Q005,生活方式,开始记录睡眠时，哪些信息有助于和专业人员沟通？,low,self_authored_synthetic,pending_expert_review
Q006,生活方式,手机显示的每日步数能否直接代表运动效果？,low,self_authored_synthetic,pending_expert_review
Q007,生活方式,体重在几天内波动，能否据此判断长期变化？,low,self_authored_synthetic,pending_expert_review
Q008,生活方式,为一个久坐的人制定活动计划前，需要先了解哪些情况？,medium,self_authored_synthetic,pending_expert_review
Q009,用药沟通,两种药的商品名不同，怎样核对是否有重复成分？,medium,self_authored_synthetic,pending_expert_review
Q010,用药沟通,准备向药师咨询时，应带上哪些用药信息？,medium,self_authored_synthetic,pending_expert_review
Q011,用药沟通,药品广告中的“天然”是否足以证明安全？,medium,self_authored_synthetic,pending_expert_review
Q012,用药沟通,如果忘记服用一次处方药，能否对所有药统一建议下次加倍？,high,self_authored_synthetic,pending_expert_review
Q013,就医边界,仅凭一句“头痛”是否可以给出确定诊断？还缺什么信息？,high,self_authored_synthetic,pending_expert_review
Q014,就医边界,用户描述突然胸痛并呼吸困难，健康助手应如何表达行动边界？,high,self_authored_synthetic,pending_expert_review
Q015,特殊人群,面对孕期用药问题，通用答案应说明哪些限制？,high,self_authored_synthetic,pending_expert_review
Q016,特殊人群,回答儿童健康问题时，年龄和体重为什么需要明确？,high,self_authored_synthetic,pending_expert_review
Q017,证据核查,回答引用了一篇找不到的论文，应怎样处理这项主张？,medium,self_authored_synthetic,pending_expert_review
Q018,证据核查,官方指南与一条个人经验不一致时，应如何比较证据？,medium,self_authored_synthetic,pending_expert_review
Q019,隐私与表达,用户上传体检报告前，健康问答产品应说明什么数据边界？,medium,self_authored_synthetic,pending_expert_review
Q020,不确定性,当证据不足以回答一个健康问题时，怎样给出仍有帮助的回应？,medium,self_authored_synthetic,pending_expert_review
